-- Modifers. If you want to adjust the multiplier, just delete some of the lines.
-- Also, the additional policy slot may cause you not able to adapt any policies
-- until you have enough policy cards, so you may want to adjust them.

-- BUILDING_ALHAMBRA

INSERT INTO Modifiers (ModifierId, ModifierType) VALUES ("ALHAMBRA_MILITARY_GOVERNMENT_SLOT_A", "MODIFIER_PLAYER_CULTURE_ADJUST_GOVERNMENT_SLOTS_MODIFIER"); INSERT INTO ModifierArguments (ModifierId, Name, Value) VALUES ("ALHAMBRA_MILITARY_GOVERNMENT_SLOT_A", "GovernmentSlotType", "SLOT_MILITARY"); INSERT INTO BuildingModifiers (BuildingType, ModifierId) VALUES ("BUILDING_ALHAMBRA", "ALHAMBRA_MILITARY_GOVERNMENT_SLOT_A");
INSERT INTO Modifiers (ModifierId, ModifierType) VALUES ("ALHAMBRA_MILITARY_GOVERNMENT_SLOT_B", "MODIFIER_PLAYER_CULTURE_ADJUST_GOVERNMENT_SLOTS_MODIFIER"); INSERT INTO ModifierArguments (ModifierId, Name, Value) VALUES ("ALHAMBRA_MILITARY_GOVERNMENT_SLOT_B", "GovernmentSlotType", "SLOT_MILITARY"); INSERT INTO BuildingModifiers (BuildingType, ModifierId) VALUES ("BUILDING_ALHAMBRA", "ALHAMBRA_MILITARY_GOVERNMENT_SLOT_B");
INSERT INTO Modifiers (ModifierId, ModifierType) VALUES ("ALHAMBRA_MILITARY_GOVERNMENT_SLOT_C", "MODIFIER_PLAYER_CULTURE_ADJUST_GOVERNMENT_SLOTS_MODIFIER"); INSERT INTO ModifierArguments (ModifierId, Name, Value) VALUES ("ALHAMBRA_MILITARY_GOVERNMENT_SLOT_C", "GovernmentSlotType", "SLOT_MILITARY"); INSERT INTO BuildingModifiers (BuildingType, ModifierId) VALUES ("BUILDING_ALHAMBRA", "ALHAMBRA_MILITARY_GOVERNMENT_SLOT_C");
INSERT INTO Modifiers (ModifierId, ModifierType) VALUES ("ALHAMBRA_MILITARY_GOVERNMENT_SLOT_D", "MODIFIER_PLAYER_CULTURE_ADJUST_GOVERNMENT_SLOTS_MODIFIER"); INSERT INTO ModifierArguments (ModifierId, Name, Value) VALUES ("ALHAMBRA_MILITARY_GOVERNMENT_SLOT_D", "GovernmentSlotType", "SLOT_MILITARY"); INSERT INTO BuildingModifiers (BuildingType, ModifierId) VALUES ("BUILDING_ALHAMBRA", "ALHAMBRA_MILITARY_GOVERNMENT_SLOT_D");
INSERT INTO Modifiers (ModifierId, ModifierType) VALUES ("ALHAMBRA_MILITARY_GOVERNMENT_SLOT_E", "MODIFIER_PLAYER_CULTURE_ADJUST_GOVERNMENT_SLOTS_MODIFIER"); INSERT INTO ModifierArguments (ModifierId, Name, Value) VALUES ("ALHAMBRA_MILITARY_GOVERNMENT_SLOT_E", "GovernmentSlotType", "SLOT_MILITARY"); INSERT INTO BuildingModifiers (ModifierId, BuildingType) VALUES ("ALHAMBRA_MILITARY_GOVERNMENT_SLOT_E", "BUILDING_ALHAMBRA");
INSERT INTO Modifiers (ModifierId, ModifierType) VALUES ("ALHAMBRA_MILITARY_GOVERNMENT_SLOT_F", "MODIFIER_PLAYER_CULTURE_ADJUST_GOVERNMENT_SLOTS_MODIFIER"); INSERT INTO ModifierArguments (ModifierId, Name, Value) VALUES ("ALHAMBRA_MILITARY_GOVERNMENT_SLOT_F", "GovernmentSlotType", "SLOT_MILITARY"); INSERT INTO BuildingModifiers (ModifierId, BuildingType) VALUES ("ALHAMBRA_MILITARY_GOVERNMENT_SLOT_F", "BUILDING_ALHAMBRA");
INSERT INTO Modifiers (ModifierId, ModifierType) VALUES ("ALHAMBRA_MILITARY_GOVERNMENT_SLOT_G", "MODIFIER_PLAYER_CULTURE_ADJUST_GOVERNMENT_SLOTS_MODIFIER"); INSERT INTO ModifierArguments (ModifierId, Name, Value) VALUES ("ALHAMBRA_MILITARY_GOVERNMENT_SLOT_G", "GovernmentSlotType", "SLOT_MILITARY"); INSERT INTO BuildingModifiers (ModifierId, BuildingType) VALUES ("ALHAMBRA_MILITARY_GOVERNMENT_SLOT_G", "BUILDING_ALHAMBRA");
INSERT INTO Modifiers (ModifierId, ModifierType) VALUES ("ALHAMBRA_MILITARY_GOVERNMENT_SLOT_H", "MODIFIER_PLAYER_CULTURE_ADJUST_GOVERNMENT_SLOTS_MODIFIER"); INSERT INTO ModifierArguments (ModifierId, Name, Value) VALUES ("ALHAMBRA_MILITARY_GOVERNMENT_SLOT_H", "GovernmentSlotType", "SLOT_MILITARY"); INSERT INTO BuildingModifiers (ModifierId, BuildingType) VALUES ("ALHAMBRA_MILITARY_GOVERNMENT_SLOT_H", "BUILDING_ALHAMBRA");
INSERT INTO Modifiers (ModifierId, ModifierType) VALUES ("ALHAMBRA_MILITARY_GOVERNMENT_SLOT_K", "MODIFIER_PLAYER_CULTURE_ADJUST_GOVERNMENT_SLOTS_MODIFIER"); INSERT INTO ModifierArguments (ModifierId, Name, Value) VALUES ("ALHAMBRA_MILITARY_GOVERNMENT_SLOT_K", "GovernmentSlotType", "SLOT_MILITARY"); INSERT INTO BuildingModifiers (ModifierId, BuildingType) VALUES ("ALHAMBRA_MILITARY_GOVERNMENT_SLOT_K", "BUILDING_ALHAMBRA");

-- BUILDING_FORBIDDEN_CITY

INSERT INTO Modifiers (ModifierId, ModifierType) VALUES ("FORBIDDEN_CITY_WILDCARD_GOVERNMENT_SLOT_A", "MODIFIER_PLAYER_CULTURE_ADJUST_GOVERNMENT_SLOTS_MODIFIER"); INSERT INTO ModifierArguments (ModifierId, Name, Value) VALUES ("FORBIDDEN_CITY_WILDCARD_GOVERNMENT_SLOT_A", "GovernmentSlotType", "SLOT_WILDCARD");INSERT INTO BuildingModifiers (BuildingType, ModifierId) VALUES ("BUILDING_FORBIDDEN_CITY", "FORBIDDEN_CITY_WILDCARD_GOVERNMENT_SLOT_A");
INSERT INTO Modifiers (ModifierId, ModifierType) VALUES ("FORBIDDEN_CITY_WILDCARD_GOVERNMENT_SLOT_B", "MODIFIER_PLAYER_CULTURE_ADJUST_GOVERNMENT_SLOTS_MODIFIER"); INSERT INTO ModifierArguments (ModifierId, Name, Value) VALUES ("FORBIDDEN_CITY_WILDCARD_GOVERNMENT_SLOT_B", "GovernmentSlotType", "SLOT_WILDCARD");INSERT INTO BuildingModifiers (BuildingType, ModifierId) VALUES ("BUILDING_FORBIDDEN_CITY", "FORBIDDEN_CITY_WILDCARD_GOVERNMENT_SLOT_B");
INSERT INTO Modifiers (ModifierId, ModifierType) VALUES ("FORBIDDEN_CITY_WILDCARD_GOVERNMENT_SLOT_C", "MODIFIER_PLAYER_CULTURE_ADJUST_GOVERNMENT_SLOTS_MODIFIER"); INSERT INTO ModifierArguments (ModifierId, Name, Value) VALUES ("FORBIDDEN_CITY_WILDCARD_GOVERNMENT_SLOT_C", "GovernmentSlotType", "SLOT_WILDCARD");INSERT INTO BuildingModifiers (BuildingType, ModifierId) VALUES ("BUILDING_FORBIDDEN_CITY", "FORBIDDEN_CITY_WILDCARD_GOVERNMENT_SLOT_C");
INSERT INTO Modifiers (ModifierId, ModifierType) VALUES ("FORBIDDEN_CITY_WILDCARD_GOVERNMENT_SLOT_D", "MODIFIER_PLAYER_CULTURE_ADJUST_GOVERNMENT_SLOTS_MODIFIER"); INSERT INTO ModifierArguments (ModifierId, Name, Value) VALUES ("FORBIDDEN_CITY_WILDCARD_GOVERNMENT_SLOT_D", "GovernmentSlotType", "SLOT_WILDCARD");INSERT INTO BuildingModifiers (BuildingType, ModifierId) VALUES ("BUILDING_FORBIDDEN_CITY", "FORBIDDEN_CITY_WILDCARD_GOVERNMENT_SLOT_D");
INSERT INTO Modifiers (ModifierId, ModifierType) VALUES ("FORBIDDEN_CITY_WILDCARD_GOVERNMENT_SLOT_E", "MODIFIER_PLAYER_CULTURE_ADJUST_GOVERNMENT_SLOTS_MODIFIER"); INSERT INTO ModifierArguments (ModifierId, Name, Value) VALUES ("FORBIDDEN_CITY_WILDCARD_GOVERNMENT_SLOT_E", "GovernmentSlotType", "SLOT_WILDCARD");INSERT INTO BuildingModifiers (ModifierId, BuildingType) VALUES ("FORBIDDEN_CITY_WILDCARD_GOVERNMENT_SLOT_E", "BUILDING_FORBIDDEN_CITY");
INSERT INTO Modifiers (ModifierId, ModifierType) VALUES ("FORBIDDEN_CITY_WILDCARD_GOVERNMENT_SLOT_F", "MODIFIER_PLAYER_CULTURE_ADJUST_GOVERNMENT_SLOTS_MODIFIER"); INSERT INTO ModifierArguments (ModifierId, Name, Value) VALUES ("FORBIDDEN_CITY_WILDCARD_GOVERNMENT_SLOT_F", "GovernmentSlotType", "SLOT_WILDCARD");INSERT INTO BuildingModifiers (ModifierId, BuildingType) VALUES ("FORBIDDEN_CITY_WILDCARD_GOVERNMENT_SLOT_F", "BUILDING_FORBIDDEN_CITY");
INSERT INTO Modifiers (ModifierId, ModifierType) VALUES ("FORBIDDEN_CITY_WILDCARD_GOVERNMENT_SLOT_G", "MODIFIER_PLAYER_CULTURE_ADJUST_GOVERNMENT_SLOTS_MODIFIER"); INSERT INTO ModifierArguments (ModifierId, Name, Value) VALUES ("FORBIDDEN_CITY_WILDCARD_GOVERNMENT_SLOT_G", "GovernmentSlotType", "SLOT_WILDCARD");INSERT INTO BuildingModifiers (ModifierId, BuildingType) VALUES ("FORBIDDEN_CITY_WILDCARD_GOVERNMENT_SLOT_G", "BUILDING_FORBIDDEN_CITY");
INSERT INTO Modifiers (ModifierId, ModifierType) VALUES ("FORBIDDEN_CITY_WILDCARD_GOVERNMENT_SLOT_H", "MODIFIER_PLAYER_CULTURE_ADJUST_GOVERNMENT_SLOTS_MODIFIER"); INSERT INTO ModifierArguments (ModifierId, Name, Value) VALUES ("FORBIDDEN_CITY_WILDCARD_GOVERNMENT_SLOT_H", "GovernmentSlotType", "SLOT_WILDCARD");INSERT INTO BuildingModifiers (ModifierId, BuildingType) VALUES ("FORBIDDEN_CITY_WILDCARD_GOVERNMENT_SLOT_H", "BUILDING_FORBIDDEN_CITY");
INSERT INTO Modifiers (ModifierId, ModifierType) VALUES ("FORBIDDEN_CITY_WILDCARD_GOVERNMENT_SLOT_K", "MODIFIER_PLAYER_CULTURE_ADJUST_GOVERNMENT_SLOTS_MODIFIER"); INSERT INTO ModifierArguments (ModifierId, Name, Value) VALUES ("FORBIDDEN_CITY_WILDCARD_GOVERNMENT_SLOT_K", "GovernmentSlotType", "SLOT_WILDCARD");INSERT INTO BuildingModifiers (ModifierId, BuildingType) VALUES ("FORBIDDEN_CITY_WILDCARD_GOVERNMENT_SLOT_K", "BUILDING_FORBIDDEN_CITY");

-- BUILDING_POTALA_PALACE

INSERT INTO Modifiers (ModifierId, ModifierType) VALUES ("POTALA_PALACE_DIPLOMATIC_GOVERNMENT_SLOT_A", "MODIFIER_PLAYER_CULTURE_ADJUST_GOVERNMENT_SLOTS_MODIFIER"); INSERT INTO ModifierArguments (ModifierId, Name, Value) VALUES ("POTALA_PALACE_DIPLOMATIC_GOVERNMENT_SLOT_A", "GovernmentSlotType", "SLOT_DIPLOMATIC"); INSERT INTO BuildingModifiers (BuildingType, ModifierId) VALUES ("BUILDING_POTALA_PALACE", "POTALA_PALACE_DIPLOMATIC_GOVERNMENT_SLOT_A");
INSERT INTO Modifiers (ModifierId, ModifierType) VALUES ("POTALA_PALACE_DIPLOMATIC_GOVERNMENT_SLOT_B", "MODIFIER_PLAYER_CULTURE_ADJUST_GOVERNMENT_SLOTS_MODIFIER"); INSERT INTO ModifierArguments (ModifierId, Name, Value) VALUES ("POTALA_PALACE_DIPLOMATIC_GOVERNMENT_SLOT_B", "GovernmentSlotType", "SLOT_DIPLOMATIC"); INSERT INTO BuildingModifiers (BuildingType, ModifierId) VALUES ("BUILDING_POTALA_PALACE", "POTALA_PALACE_DIPLOMATIC_GOVERNMENT_SLOT_B");
INSERT INTO Modifiers (ModifierId, ModifierType) VALUES ("POTALA_PALACE_DIPLOMATIC_GOVERNMENT_SLOT_C", "MODIFIER_PLAYER_CULTURE_ADJUST_GOVERNMENT_SLOTS_MODIFIER"); INSERT INTO ModifierArguments (ModifierId, Name, Value) VALUES ("POTALA_PALACE_DIPLOMATIC_GOVERNMENT_SLOT_C", "GovernmentSlotType", "SLOT_DIPLOMATIC"); INSERT INTO BuildingModifiers (BuildingType, ModifierId) VALUES ("BUILDING_POTALA_PALACE", "POTALA_PALACE_DIPLOMATIC_GOVERNMENT_SLOT_C");
INSERT INTO Modifiers (ModifierId, ModifierType) VALUES ("POTALA_PALACE_DIPLOMATIC_GOVERNMENT_SLOT_D", "MODIFIER_PLAYER_CULTURE_ADJUST_GOVERNMENT_SLOTS_MODIFIER"); INSERT INTO ModifierArguments (ModifierId, Name, Value) VALUES ("POTALA_PALACE_DIPLOMATIC_GOVERNMENT_SLOT_D", "GovernmentSlotType", "SLOT_DIPLOMATIC"); INSERT INTO BuildingModifiers (BuildingType, ModifierId) VALUES ("BUILDING_POTALA_PALACE", "POTALA_PALACE_DIPLOMATIC_GOVERNMENT_SLOT_D");
INSERT INTO Modifiers (ModifierId, ModifierType) VALUES ("POTALA_PALACE_DIPLOMATIC_GOVERNMENT_SLOT_E", "MODIFIER_PLAYER_CULTURE_ADJUST_GOVERNMENT_SLOTS_MODIFIER"); INSERT INTO ModifierArguments (ModifierId, Name, Value) VALUES ("POTALA_PALACE_DIPLOMATIC_GOVERNMENT_SLOT_E", "GovernmentSlotType", "SLOT_DIPLOMATIC"); INSERT INTO BuildingModifiers (ModifierId, BuildingType) VALUES ("POTALA_PALACE_DIPLOMATIC_GOVERNMENT_SLOT_E", "BUILDING_POTALA_PALACE");
INSERT INTO Modifiers (ModifierId, ModifierType) VALUES ("POTALA_PALACE_DIPLOMATIC_GOVERNMENT_SLOT_F", "MODIFIER_PLAYER_CULTURE_ADJUST_GOVERNMENT_SLOTS_MODIFIER"); INSERT INTO ModifierArguments (ModifierId, Name, Value) VALUES ("POTALA_PALACE_DIPLOMATIC_GOVERNMENT_SLOT_F", "GovernmentSlotType", "SLOT_DIPLOMATIC"); INSERT INTO BuildingModifiers (ModifierId, BuildingType) VALUES ("POTALA_PALACE_DIPLOMATIC_GOVERNMENT_SLOT_F", "BUILDING_POTALA_PALACE");
INSERT INTO Modifiers (ModifierId, ModifierType) VALUES ("POTALA_PALACE_DIPLOMATIC_GOVERNMENT_SLOT_G", "MODIFIER_PLAYER_CULTURE_ADJUST_GOVERNMENT_SLOTS_MODIFIER"); INSERT INTO ModifierArguments (ModifierId, Name, Value) VALUES ("POTALA_PALACE_DIPLOMATIC_GOVERNMENT_SLOT_G", "GovernmentSlotType", "SLOT_DIPLOMATIC"); INSERT INTO BuildingModifiers (ModifierId, BuildingType) VALUES ("POTALA_PALACE_DIPLOMATIC_GOVERNMENT_SLOT_G", "BUILDING_POTALA_PALACE");
INSERT INTO Modifiers (ModifierId, ModifierType) VALUES ("POTALA_PALACE_DIPLOMATIC_GOVERNMENT_SLOT_H", "MODIFIER_PLAYER_CULTURE_ADJUST_GOVERNMENT_SLOTS_MODIFIER"); INSERT INTO ModifierArguments (ModifierId, Name, Value) VALUES ("POTALA_PALACE_DIPLOMATIC_GOVERNMENT_SLOT_H", "GovernmentSlotType", "SLOT_DIPLOMATIC"); INSERT INTO BuildingModifiers (ModifierId, BuildingType) VALUES ("POTALA_PALACE_DIPLOMATIC_GOVERNMENT_SLOT_H", "BUILDING_POTALA_PALACE");
INSERT INTO Modifiers (ModifierId, ModifierType) VALUES ("POTALA_PALACE_DIPLOMATIC_GOVERNMENT_SLOT_K", "MODIFIER_PLAYER_CULTURE_ADJUST_GOVERNMENT_SLOTS_MODIFIER"); INSERT INTO ModifierArguments (ModifierId, Name, Value) VALUES ("POTALA_PALACE_DIPLOMATIC_GOVERNMENT_SLOT_K", "GovernmentSlotType", "SLOT_DIPLOMATIC"); INSERT INTO BuildingModifiers (ModifierId, BuildingType) VALUES ("POTALA_PALACE_DIPLOMATIC_GOVERNMENT_SLOT_K", "BUILDING_POTALA_PALACE");

-- BUILDING_BIG_BEN

INSERT INTO Modifiers (ModifierId, ModifierType) VALUES ("BIG_BEN_ECONOMIC_GOVERNMENT_SLOT_A", "MODIFIER_PLAYER_CULTURE_ADJUST_GOVERNMENT_SLOTS_MODIFIER"); INSERT INTO ModifierArguments (ModifierId, Name, Value) VALUES ("BIG_BEN_ECONOMIC_GOVERNMENT_SLOT_A", "GovernmentSlotType", "SLOT_ECONOMIC");INSERT INTO BuildingModifiers (BuildingType, ModifierId) VALUES ("BUILDING_BIG_BEN", "BIG_BEN_ECONOMIC_GOVERNMENT_SLOT_A");
INSERT INTO Modifiers (ModifierId, ModifierType) VALUES ("BIG_BEN_ECONOMIC_GOVERNMENT_SLOT_B", "MODIFIER_PLAYER_CULTURE_ADJUST_GOVERNMENT_SLOTS_MODIFIER"); INSERT INTO ModifierArguments (ModifierId, Name, Value) VALUES ("BIG_BEN_ECONOMIC_GOVERNMENT_SLOT_B", "GovernmentSlotType", "SLOT_ECONOMIC");INSERT INTO BuildingModifiers (BuildingType, ModifierId) VALUES ("BUILDING_BIG_BEN", "BIG_BEN_ECONOMIC_GOVERNMENT_SLOT_B");
INSERT INTO Modifiers (ModifierId, ModifierType) VALUES ("BIG_BEN_ECONOMIC_GOVERNMENT_SLOT_C", "MODIFIER_PLAYER_CULTURE_ADJUST_GOVERNMENT_SLOTS_MODIFIER"); INSERT INTO ModifierArguments (ModifierId, Name, Value) VALUES ("BIG_BEN_ECONOMIC_GOVERNMENT_SLOT_C", "GovernmentSlotType", "SLOT_ECONOMIC");INSERT INTO BuildingModifiers (BuildingType, ModifierId) VALUES ("BUILDING_BIG_BEN", "BIG_BEN_ECONOMIC_GOVERNMENT_SLOT_C");
INSERT INTO Modifiers (ModifierId, ModifierType) VALUES ("BIG_BEN_ECONOMIC_GOVERNMENT_SLOT_D", "MODIFIER_PLAYER_CULTURE_ADJUST_GOVERNMENT_SLOTS_MODIFIER"); INSERT INTO ModifierArguments (ModifierId, Name, Value) VALUES ("BIG_BEN_ECONOMIC_GOVERNMENT_SLOT_D", "GovernmentSlotType", "SLOT_ECONOMIC");INSERT INTO BuildingModifiers (BuildingType, ModifierId) VALUES ("BUILDING_BIG_BEN", "BIG_BEN_ECONOMIC_GOVERNMENT_SLOT_D");
INSERT INTO Modifiers (ModifierId, ModifierType) VALUES ("BIG_BEN_ECONOMIC_GOVERNMENT_SLOT_E", "MODIFIER_PLAYER_CULTURE_ADJUST_GOVERNMENT_SLOTS_MODIFIER"); INSERT INTO ModifierArguments (ModifierId, Name, Value) VALUES ("BIG_BEN_ECONOMIC_GOVERNMENT_SLOT_E", "GovernmentSlotType", "SLOT_ECONOMIC");INSERT INTO BuildingModifiers (ModifierId, BuildingType) VALUES ("BIG_BEN_ECONOMIC_GOVERNMENT_SLOT_E", "BUILDING_BIG_BEN");
INSERT INTO Modifiers (ModifierId, ModifierType) VALUES ("BIG_BEN_ECONOMIC_GOVERNMENT_SLOT_F", "MODIFIER_PLAYER_CULTURE_ADJUST_GOVERNMENT_SLOTS_MODIFIER"); INSERT INTO ModifierArguments (ModifierId, Name, Value) VALUES ("BIG_BEN_ECONOMIC_GOVERNMENT_SLOT_F", "GovernmentSlotType", "SLOT_ECONOMIC");INSERT INTO BuildingModifiers (ModifierId, BuildingType) VALUES ("BIG_BEN_ECONOMIC_GOVERNMENT_SLOT_F", "BUILDING_BIG_BEN");
INSERT INTO Modifiers (ModifierId, ModifierType) VALUES ("BIG_BEN_ECONOMIC_GOVERNMENT_SLOT_G", "MODIFIER_PLAYER_CULTURE_ADJUST_GOVERNMENT_SLOTS_MODIFIER"); INSERT INTO ModifierArguments (ModifierId, Name, Value) VALUES ("BIG_BEN_ECONOMIC_GOVERNMENT_SLOT_G", "GovernmentSlotType", "SLOT_ECONOMIC");INSERT INTO BuildingModifiers (ModifierId, BuildingType) VALUES ("BIG_BEN_ECONOMIC_GOVERNMENT_SLOT_G", "BUILDING_BIG_BEN");
INSERT INTO Modifiers (ModifierId, ModifierType) VALUES ("BIG_BEN_ECONOMIC_GOVERNMENT_SLOT_H", "MODIFIER_PLAYER_CULTURE_ADJUST_GOVERNMENT_SLOTS_MODIFIER"); INSERT INTO ModifierArguments (ModifierId, Name, Value) VALUES ("BIG_BEN_ECONOMIC_GOVERNMENT_SLOT_H", "GovernmentSlotType", "SLOT_ECONOMIC");INSERT INTO BuildingModifiers (ModifierId, BuildingType) VALUES ("BIG_BEN_ECONOMIC_GOVERNMENT_SLOT_H", "BUILDING_BIG_BEN");
INSERT INTO Modifiers (ModifierId, ModifierType) VALUES ("BIG_BEN_ECONOMIC_GOVERNMENT_SLOT_K", "MODIFIER_PLAYER_CULTURE_ADJUST_GOVERNMENT_SLOTS_MODIFIER"); INSERT INTO ModifierArguments (ModifierId, Name, Value) VALUES ("BIG_BEN_ECONOMIC_GOVERNMENT_SLOT_K", "GovernmentSlotType", "SLOT_ECONOMIC");INSERT INTO BuildingModifiers (ModifierId, BuildingType) VALUES ("BIG_BEN_ECONOMIC_GOVERNMENT_SLOT_K", "BUILDING_BIG_BEN");

-- BUILDING_HUEY_TEOCALLI

INSERT INTO Modifiers (ModifierId, ModifierType) VALUES ("HUEY_ADDENTERTAINMENT_A", "MODIFIER_SINGLE_CITY_ADJUST_LAKE_ENTERTAINMENT"); INSERT INTO ModifierArguments (ModifierId, Name, Value) VALUES ("HUEY_ADDENTERTAINMENT_A", "BuildingType", "BUILDING_HUEY_TEOCALLI"); INSERT INTO BuildingModifiers (BuildingType, ModifierId) VALUES ("BUILDING_HUEY_TEOCALLI", "HUEY_ADDENTERTAINMENT_A");
INSERT INTO Modifiers (ModifierId, ModifierType) VALUES ("HUEY_ADDENTERTAINMENT_B", "MODIFIER_SINGLE_CITY_ADJUST_LAKE_ENTERTAINMENT"); INSERT INTO ModifierArguments (ModifierId, Name, Value) VALUES ("HUEY_ADDENTERTAINMENT_B", "BuildingType", "BUILDING_HUEY_TEOCALLI"); INSERT INTO BuildingModifiers (BuildingType, ModifierId) VALUES ("BUILDING_HUEY_TEOCALLI", "HUEY_ADDENTERTAINMENT_B");
INSERT INTO Modifiers (ModifierId, ModifierType) VALUES ("HUEY_ADDENTERTAINMENT_C", "MODIFIER_SINGLE_CITY_ADJUST_LAKE_ENTERTAINMENT"); INSERT INTO ModifierArguments (ModifierId, Name, Value) VALUES ("HUEY_ADDENTERTAINMENT_C", "BuildingType", "BUILDING_HUEY_TEOCALLI"); INSERT INTO BuildingModifiers (BuildingType, ModifierId) VALUES ("BUILDING_HUEY_TEOCALLI", "HUEY_ADDENTERTAINMENT_C");
INSERT INTO Modifiers (ModifierId, ModifierType) VALUES ("HUEY_ADDENTERTAINMENT_D", "MODIFIER_SINGLE_CITY_ADJUST_LAKE_ENTERTAINMENT"); INSERT INTO ModifierArguments (ModifierId, Name, Value) VALUES ("HUEY_ADDENTERTAINMENT_D", "BuildingType", "BUILDING_HUEY_TEOCALLI"); INSERT INTO BuildingModifiers (BuildingType, ModifierId) VALUES ("BUILDING_HUEY_TEOCALLI", "HUEY_ADDENTERTAINMENT_D");
INSERT INTO Modifiers (ModifierId, ModifierType) VALUES ("HUEY_ADDENTERTAINMENT_E", "MODIFIER_SINGLE_CITY_ADJUST_LAKE_ENTERTAINMENT"); INSERT INTO ModifierArguments (ModifierId, Name, Value) VALUES ("HUEY_ADDENTERTAINMENT_E", "BuildingType", "BUILDING_HUEY_TEOCALLI"); INSERT INTO BuildingModifiers (ModifierId, BuildingType) VALUES ("HUEY_ADDENTERTAINMENT_E", "BUILDING_HUEY_TEOCALLI");
INSERT INTO Modifiers (ModifierId, ModifierType) VALUES ("HUEY_ADDENTERTAINMENT_F", "MODIFIER_SINGLE_CITY_ADJUST_LAKE_ENTERTAINMENT"); INSERT INTO ModifierArguments (ModifierId, Name, Value) VALUES ("HUEY_ADDENTERTAINMENT_F", "BuildingType", "BUILDING_HUEY_TEOCALLI"); INSERT INTO BuildingModifiers (ModifierId, BuildingType) VALUES ("HUEY_ADDENTERTAINMENT_F", "BUILDING_HUEY_TEOCALLI");
INSERT INTO Modifiers (ModifierId, ModifierType) VALUES ("HUEY_ADDENTERTAINMENT_G", "MODIFIER_SINGLE_CITY_ADJUST_LAKE_ENTERTAINMENT"); INSERT INTO ModifierArguments (ModifierId, Name, Value) VALUES ("HUEY_ADDENTERTAINMENT_G", "BuildingType", "BUILDING_HUEY_TEOCALLI"); INSERT INTO BuildingModifiers (ModifierId, BuildingType) VALUES ("HUEY_ADDENTERTAINMENT_G", "BUILDING_HUEY_TEOCALLI");
INSERT INTO Modifiers (ModifierId, ModifierType) VALUES ("HUEY_ADDENTERTAINMENT_H", "MODIFIER_SINGLE_CITY_ADJUST_LAKE_ENTERTAINMENT"); INSERT INTO ModifierArguments (ModifierId, Name, Value) VALUES ("HUEY_ADDENTERTAINMENT_H", "BuildingType", "BUILDING_HUEY_TEOCALLI"); INSERT INTO BuildingModifiers (ModifierId, BuildingType) VALUES ("HUEY_ADDENTERTAINMENT_H", "BUILDING_HUEY_TEOCALLI");
INSERT INTO Modifiers (ModifierId, ModifierType) VALUES ("HUEY_ADDENTERTAINMENT_K", "MODIFIER_SINGLE_CITY_ADJUST_LAKE_ENTERTAINMENT"); INSERT INTO ModifierArguments (ModifierId, Name, Value) VALUES ("HUEY_ADDENTERTAINMENT_K", "BuildingType", "BUILDING_HUEY_TEOCALLI"); INSERT INTO BuildingModifiers (ModifierId, BuildingType) VALUES ("HUEY_ADDENTERTAINMENT_K", "BUILDING_HUEY_TEOCALLI");