-- Modifers. If you want to adjust the multiplier, just delete some of the lines.
-- Also, the additional policy slot may cause you not able to adapt any policies
-- until you have enough policy cards, so you may want to adjust them.

-- BUILDING_ALHAMBRA

INSERT INTO Modifiers (ModifierId, ModifierType) VALUES ("ALHAMBRA_MILITARY_GOVERNMENT_SLOT_A", "MODIFIER_PLAYER_CULTURE_ADJUST_GOVERNMENT_SLOTS_MODIFIER"); INSERT INTO ModifierArguments (ModifierId, Name, Value) VALUES ("ALHAMBRA_MILITARY_GOVERNMENT_SLOT_A", "GovernmentSlotType", "SLOT_MILITARY"); INSERT INTO BuildingModifiers (BuildingType, ModifierId) VALUES ("BUILDING_ALHAMBRA", "ALHAMBRA_MILITARY_GOVERNMENT_SLOT_A");
INSERT INTO Modifiers (ModifierId, ModifierType) VALUES ("ALHAMBRA_MILITARY_GOVERNMENT_SLOT_B", "MODIFIER_PLAYER_CULTURE_ADJUST_GOVERNMENT_SLOTS_MODIFIER"); INSERT INTO ModifierArguments (ModifierId, Name, Value) VALUES ("ALHAMBRA_MILITARY_GOVERNMENT_SLOT_B", "GovernmentSlotType", "SLOT_MILITARY"); INSERT INTO BuildingModifiers (BuildingType, ModifierId) VALUES ("BUILDING_ALHAMBRA", "ALHAMBRA_MILITARY_GOVERNMENT_SLOT_B");

-- BUILDING_FORBIDDEN_CITY

INSERT INTO Modifiers (ModifierId, ModifierType) VALUES ("FORBIDDEN_CITY_WILDCARD_GOVERNMENT_SLOT_A", "MODIFIER_PLAYER_CULTURE_ADJUST_GOVERNMENT_SLOTS_MODIFIER"); INSERT INTO ModifierArguments (ModifierId, Name, Value) VALUES ("FORBIDDEN_CITY_WILDCARD_GOVERNMENT_SLOT_A", "GovernmentSlotType", "SLOT_WILDCARD");INSERT INTO BuildingModifiers (BuildingType, ModifierId) VALUES ("BUILDING_FORBIDDEN_CITY", "FORBIDDEN_CITY_WILDCARD_GOVERNMENT_SLOT_A");
INSERT INTO Modifiers (ModifierId, ModifierType) VALUES ("FORBIDDEN_CITY_WILDCARD_GOVERNMENT_SLOT_B", "MODIFIER_PLAYER_CULTURE_ADJUST_GOVERNMENT_SLOTS_MODIFIER"); INSERT INTO ModifierArguments (ModifierId, Name, Value) VALUES ("FORBIDDEN_CITY_WILDCARD_GOVERNMENT_SLOT_B", "GovernmentSlotType", "SLOT_WILDCARD");INSERT INTO BuildingModifiers (BuildingType, ModifierId) VALUES ("BUILDING_FORBIDDEN_CITY", "FORBIDDEN_CITY_WILDCARD_GOVERNMENT_SLOT_B");

-- BUILDING_POTALA_PALACE

INSERT INTO Modifiers (ModifierId, ModifierType) VALUES ("POTALA_PALACE_DIPLOMATIC_GOVERNMENT_SLOT_A", "MODIFIER_PLAYER_CULTURE_ADJUST_GOVERNMENT_SLOTS_MODIFIER"); INSERT INTO ModifierArguments (ModifierId, Name, Value) VALUES ("POTALA_PALACE_DIPLOMATIC_GOVERNMENT_SLOT_A", "GovernmentSlotType", "SLOT_DIPLOMATIC"); INSERT INTO BuildingModifiers (BuildingType, ModifierId) VALUES ("BUILDING_POTALA_PALACE", "POTALA_PALACE_DIPLOMATIC_GOVERNMENT_SLOT_A");
INSERT INTO Modifiers (ModifierId, ModifierType) VALUES ("POTALA_PALACE_DIPLOMATIC_GOVERNMENT_SLOT_B", "MODIFIER_PLAYER_CULTURE_ADJUST_GOVERNMENT_SLOTS_MODIFIER"); INSERT INTO ModifierArguments (ModifierId, Name, Value) VALUES ("POTALA_PALACE_DIPLOMATIC_GOVERNMENT_SLOT_B", "GovernmentSlotType", "SLOT_DIPLOMATIC"); INSERT INTO BuildingModifiers (BuildingType, ModifierId) VALUES ("BUILDING_POTALA_PALACE", "POTALA_PALACE_DIPLOMATIC_GOVERNMENT_SLOT_B");

-- BUILDING_BIG_BEN

INSERT INTO Modifiers (ModifierId, ModifierType) VALUES ("BIG_BEN_ECONOMIC_GOVERNMENT_SLOT_A", "MODIFIER_PLAYER_CULTURE_ADJUST_GOVERNMENT_SLOTS_MODIFIER"); INSERT INTO ModifierArguments (ModifierId, Name, Value) VALUES ("BIG_BEN_ECONOMIC_GOVERNMENT_SLOT_A", "GovernmentSlotType", "SLOT_ECONOMIC");INSERT INTO BuildingModifiers (BuildingType, ModifierId) VALUES ("BUILDING_BIG_BEN", "BIG_BEN_ECONOMIC_GOVERNMENT_SLOT_A");
INSERT INTO Modifiers (ModifierId, ModifierType) VALUES ("BIG_BEN_ECONOMIC_GOVERNMENT_SLOT_B", "MODIFIER_PLAYER_CULTURE_ADJUST_GOVERNMENT_SLOTS_MODIFIER"); INSERT INTO ModifierArguments (ModifierId, Name, Value) VALUES ("BIG_BEN_ECONOMIC_GOVERNMENT_SLOT_B", "GovernmentSlotType", "SLOT_ECONOMIC");INSERT INTO BuildingModifiers (BuildingType, ModifierId) VALUES ("BUILDING_BIG_BEN", "BIG_BEN_ECONOMIC_GOVERNMENT_SLOT_B");

-- BUILDING_HUEY_TEOCALLI

INSERT INTO Modifiers (ModifierId, ModifierType) VALUES ("HUEY_ADDENTERTAINMENT_A", "MODIFIER_SINGLE_CITY_ADJUST_LAKE_ENTERTAINMENT"); INSERT INTO ModifierArguments (ModifierId, Name, Value) VALUES ("HUEY_ADDENTERTAINMENT_A", "BuildingType", "BUILDING_HUEY_TEOCALLI"); INSERT INTO BuildingModifiers (BuildingType, ModifierId) VALUES ("BUILDING_HUEY_TEOCALLI", "HUEY_ADDENTERTAINMENT_A");
INSERT INTO Modifiers (ModifierId, ModifierType) VALUES ("HUEY_ADDENTERTAINMENT_B", "MODIFIER_SINGLE_CITY_ADJUST_LAKE_ENTERTAINMENT"); INSERT INTO ModifierArguments (ModifierId, Name, Value) VALUES ("HUEY_ADDENTERTAINMENT_B", "BuildingType", "BUILDING_HUEY_TEOCALLI"); INSERT INTO BuildingModifiers (BuildingType, ModifierId) VALUES ("BUILDING_HUEY_TEOCALLI", "HUEY_ADDENTERTAINMENT_B");
